womens,Aait Verdan,"""Kameelperd ü¶í en se SuperSlipStreamTeam""","Demi Vollering, Silvia Persico, Pfeiffer Georgi, Elise Chabbey, Charlotte Kool, Audrey Cordon-Ragot, Julie De Wilde, Maria Confalonieri, Puck Pieterse, Monica Greenwood, Marta Jaskulska, Usoa Ostolaza Zabala, Marit Raaijmakers, Eva van Agt, Eline van Rooijen"
womens,Khaled_Hisham,#FreePalestine,"Elisa Balsamo, Chloe Dygert, Liane Lippert, Katarzyna Niewiadoma, Charlotte Kool, Elizabeth Deignan, Anniina Ahtosalo, Zoe B√§ckstedt, Vittoria Guazzini, Daria Pikulik, Ruby Roseman-Gannon, Maaike van der Duin, Clara Koppenburg, Amber Kraak, Eglantine Rayer"
womens,Jens,'tis a Cille place,"Elisa Longo Borghini, Cecilie Uttrup Ludwig, Pfeiffer Georgi, Ricarda Bauernfeind, Emma Norsgaard, Charlotte Kool, Ally Wollaston, Neve Bradbury, Noemi R√ºegg, Josie Nelson, Antonia Niedermaier, Nienke Vinke, Ella Wyllie, Elise Uijen, Julia Borgstr√∂m"
womens,sarahpizz,-ia,"Gaia Realini, Margarita Victoria Garcia, Katarzyna Niewiadoma, Silvia Persico, Sofia Bertizzolo, Olivia Baril, Vittoria Guazzini, Daria Pikulik, Eugenia Bujak, Maria Confalonieri, Maria Martins, Antonia Niedermaier, Katia Ragusa, Alessia Vigilia, Letizia Paternoster"
womens,sagas,123456789,"Marlen Reusser, Juliette Labous, Liane Lippert, Ashleigh Moolman, Charlotte Kool, Evita Muzic, Neve Bradbury, Eleonora Camilla Gasparrini, Kata Blanka Vas, Antonia Niedermaier, Anna Shackley, Fem van Empel, Nienke Vinke, Dominika Wlodarczyk, Puck Pieterse"
womens,Loosehorse,40_Chains,"Elisa Longo Borghini, Marlen Reusser, Chloe Dygert, Elise Chabbey, Niamh Fisher-Black, Ally Wollaston, Olivia Baril, Tamara Dronova-Balabolina, Vittoria Guazzini, Clara Koppenburg, Kathrin Schweinberger, Magdeleine Vallieres-Mill, Urska Zigart, Katrine Aalerud, Femke Gerritse"
womens,Manuel8,"46.2898220¬∞, -124.0604320¬∞","Cecilie Uttrup Ludwig, Liane Lippert, Katarzyna Niewiadoma, Marianne Vos, Ashleigh Moolman, Charlotte Kool, Elizabeth Deignan, Julie De Wilde, Vittoria Guazzini, Antonia Niedermaier, Anna Shackley, Fem van Empel, Marion Bunel, Lotta Henttala, Puck Pieterse"
womens,tgsgirl,A whole Lotte love,"Lotte Kopecky, Cecilie Uttrup Ludwig, Elisa Balsamo, Audrey Cordon-Ragot, Floortje Mackaij, Zoe B√§ckstedt, Julie De Wilde, Kata Blanka Vas, Lucinda Brand, Amelie Dideriksen, Christine Majerus, Fem van Empel, Puck Pieterse, Fleur Moors, Isabel Sharp"
womens,albertobonito,Alberto's Bonitas,"Demi Vollering, Shirin van Anrooij, Sarah Gigante, Evita Muzic, Mischa Bredewold, Julie De Wilde, Martina Fidanza, Noemi R√ºegg, Kata Blanka Vas, Nienke Vinke, Marion Bunel, Ava Holmgren, Isabella Holmgren, Julie Bego, Isabel Sharp"
womens,Miguel Branco,Alison Jackson Dance Crew,"Lotte Kopecky, Marlen Reusser, Anna Henderson, Charlotte Kool, C√©drine Kerbaol, Olivia Baril, Neve Bradbury, Noemi R√ºegg, Valentine Fortin, Antonia Niedermaier, Anna Shackley, Julie Bego, Kristyna Burlova, Ingvild Gaaskjenn, Becky Storrie"
womens,yoursiteblows,AlternativeFlats,"Demi Vollering, Katarzyna Niewiadoma, Shirin van Anrooij, Ricarda Bauernfeind, Alison Jackson, Kata Blanka Vas, Justine Ghekiere, Fem van Empel, Dominika Wlodarczyk, Ella Wyllie, Femke Gerritse, Isabella Holmgren, Megan Armitage, Marieke Meert, Isabel Sharp"
womens,Countess Tessa,Always Be Cookin' !,"Lorena Wiebes, Chloe Dygert, Margarita Victoria Garcia, Alexandra Manly, Amanda Spratt, Niamh Fisher-Black, Ruby Roseman-Gannon, Lucinda Brand, Kim Cadzow, Georgia Baker, Ella Harris, Mikayla Harvey, Sarah Roy, Babette van der Wolf, Rosalie van der Wolf"
womens,veggielegs,Amber and her babies,"Demi Vollering, Juliette Labous, Pfeiffer Georgi, Charlotte Kool, Mischa Bredewold, Vittoria Guazzini, Kata Blanka Vas, Fem van Empel, Dominika Wlodarczyk, Ella Wyllie, Amber Neben, Cat Ferguson, Mijntje Geurts, Solbj√∏rk Minke Anderson, Margot Vanpachtenbeke"
womens,ckoerth,American üá∫üá∏ Flowers,"Chloe Dygert, Pfeiffer Georgi, Christina Schweinberger, Chiara Consonni, Kristen Faulkner, Ricarda Bauernfeind, Veronica Ewers, Niamh Fisher-Black, Ruth Edwards (Winder), Megan Jastrab, Simone Boilard, Heidi Franz, Natalie Quinn, Kaia Schmid, Lily Williams"
womens,aubinrdo,Anastasiya Comment√ßava,"Lotte Kopecky, Gaia Realini, Katarzyna Niewiadoma, Pfeiffer Georgi, Mischa Bredewold, Arlenis Sierra, Noemi R√ºegg, Amber Kraak, Dominika Wlodarczyk, Barbara Malcotti, Nadia Quagliotto, Julie Bego, Anastasiya Kolesava, Maeva Squiban, Linda Zanetti"
womens,ant1,ant1's formidable female formicidae,"Demi Vollering, Juliette Labous, Christina Schweinberger, C√©drine Kerbaol, Evita Muzic, Alison Jackson, Megan Jastrab, Antonia Niedermaier, Eglantine Rayer, Emilia Fahlin, Julie Norman Leth, Letizia Paternoster, Puck Pieterse, Julie Bego, Ad√®le Normand"
womens,joxemiel,Aristitarrai egurra,"Juliette Labous, Cecilie Uttrup Ludwig, Gaia Realini, Charlotte Kool, Niamh Fisher-Black, Erica Magnaldi, Evita Muzic, Mischa Bredewold, Anniina Ahtosalo, Zoe B√§ckstedt, Julie De Wilde, Vittoria Guazzini, Maaike van der Duin, Femke Gerritse, Alena Ivanchenko"
womens,sebpiquet,ASPTT MEUFS,"Lotte Kopecky, Gaia Realini, Charlotte Kool, Niamh Fisher-Black, Ane Santesteban, Neve Bradbury, Vittoria Guazzini, Pauliena Rooijakkers, Ruby Roseman-Gannon, Kata Blanka Vas, Simone Boilard, Antonia Niedermaier, Ella Wyllie, Roxane Fournier, Marthe Goossens"
womens,Cedrampel,Astrid la chaussette l√©g√®re,"Demi Vollering, Silvia Persico, Charlotte Kool, Niamh Fisher-Black, Evita Muzic, Karlijn Swinkels, Anniina Ahtosalo, Zoe B√§ckstedt, Maria Confalonieri, Amber Kraak, Christine Majerus, Nora Jencusova, Elisa Kvasnickova, Tiffany Cromwell, Quinty Schoens"
womens,ArnovanderZwet,ATC women,"Lotte Kopecky, Pfeiffer Georgi, Ellen van Dijk, C√©drine Kerbaol, Mischa Bredewold, Anniina Ahtosalo, Zoe B√§ckstedt, Julie De Wilde, Vittoria Guazzini, Rosita Reijnhout, Kata Blanka Vas, Katia Ragusa, Fem van Empel, Ella Wyllie, Puck Pieterse"
womens,zerogringo,Atelier De Fer,"Lotte Kopecky, Marlen Reusser, Evita Muzic, Zoe B√§ckstedt, Olivia Baril, Vittoria Guazzini, Alison Jackson, Yara Kastelijn, Noemi R√ºegg, Kata Blanka Vas, Shari Bossuyt, Clara Koppenburg, Urska Zigart, Puck Pieterse, Marie Schreiber"
womens,ivalerio,BANESTOW,"Lotte Kopecky, Shirin van Anrooij, Marianne Vos, Pfeiffer Georgi, Niamh Fisher-Black, Victoire Berteau, Kata Blanka Vas, Anna Shackley, Marion Bunel, Jelena Eric, Marie Le Net, Puck Pieterse, Ilaria Sanguineti, Roxane Fournier, Lucia Ruiz Perez"
womens,Scottsub ,Bear Flag Rebellion,"Juliette Labous, Gaia Realini, Katarzyna Niewiadoma, Marianne Vos, Charlotte Kool, Niamh Fisher-Black, C√©drine Kerbaol, Evita Muzic, Soraya Paladin, Martina Fidanza, Rachele Barbieri, Megan Armitage, Kristyna Burlova, Marta Jaskulska, Lieke Nooijen"
womens,Kbell02,Bell Helmets,"Katarzyna Niewiadoma, Christina Schweinberger, Ashleigh Moolman, Veronica Ewers, Alexandra Manly, Ellen van Dijk, Sofia Bertizzolo, Brodie Chapman, Ruth Edwards (Winder), Floortje Mackaij, Alison Jackson, Ruby Roseman-Gannon, Lucinda Brand, Clara Koppenburg, Urska Zigart"
womens,Coelhoslb,BeNNfica,"Liane Lippert, Katarzyna Niewiadoma, Ricarda Bauernfeind, Riejanne Markus, Emma Norsgaard, Anna Henderson, Charlotte Kool, Olivia Baril, Julie De Wilde, Vittoria Guazzini, Yara Kastelijn, Daria Pikulik, Noemi R√ºegg, Fem van Empel, Ella Wyllie"
womens,wooley7,Bike bike bike,"Juliette Labous, Liane Lippert, Shirin van Anrooij, Pfeiffer Georgi, Anna Henderson, Elizabeth Deignan, C√©drine Kerbaol, Karlijn Swinkels, Anniina Ahtosalo, Zoe B√§ckstedt, Ruby Roseman-Gannon, Fem van Empel, Dominika Wlodarczyk, Julia Van de Velde, Isabel Sharp"
womens,unionmanbirch,Boundless Spoke,"Juliette Labous, Gaia Realini, Liane Lippert, Katarzyna Niewiadoma, Ashleigh Moolman, Ricarda Bauernfeind, Charlotte Kool, Zoe B√§ckstedt, Rachele Barbieri, Antonia Niedermaier, Fem van Empel, Isabella Holmgren, Letizia Paternoster, Isabel Sharp, Linda Zanetti"
womens,tony2x,Broad City,"Demi Vollering, Marta Cavalli, Kristen Faulkner, Riejanne Markus, Charlotte Kool, Pauliena Rooijakkers, Agnieszka Skalniak, Marthe Truyen, Letizia Borghesi, Elisa Kvasnickova, Rasa Leleivyte, Marte Berg Edseth, Evy Kuijpers, Nora Tveit, Eline van Rooijen"
womens,OnTheRivet,Carbon Fiber Eyeshadow,"Demi Vollering, Juliette Labous, Marta Lach, Erica Magnaldi, Vittoria Guazzini, Megan Jastrab, Daria Pikulik, Agnieszka Skalniak, Maaike van der Duin, Shari Bossuyt, Amber Kraak, Alessia Vigilia, Dominika Wlodarczyk, Malwina Mul, Quinty Schoens"
womens,majope,Chamois Full of Bliss,"Lorena Wiebes, Juliette Labous, Katarzyna Niewiadoma, C√©drine Kerbaol, Evita Muzic, Karlijn Swinkels, Anniina Ahtosalo, Zoe B√§ckstedt, Vittoria Guazzini, Mylene de Zoete, Femke Gerritse, Lotta Henttala, Puck Pieterse, Wilma Aintila, Lieke Nooijen"
womens,Maglia Nera,Champs Aliz√©,"Lotte Kopecky, Cecilie Uttrup Ludwig, Chiara Consonni, Ricarda Bauernfeind, Niamh Fisher-Black, Olivia Baril, Neve Bradbury, Rachele Barbieri, Amber Kraak, Antonia Niedermaier, Fem van Empel, Ella Wyllie, Letizia Paternoster, Marthe Goossens, Lieke Nooijen"
womens,Sappert,Chasing Potatoes Pro Cycling,"Demi Vollering, Pfeiffer Georgi, Christina Schweinberger, Charlotte Kool, Anniina Ahtosalo, Zoe B√§ckstedt, Olivia Baril, Ruby Roseman-Gannon, Antonia Niedermaier, Kathrin Schweinberger, Anna Shackley, Mirre Knaven, Elise Uijen, Hannah Ludwig, Lieke Nooijen"
womens,Joruus,Cherchez La Femme,"Gaia Realini, Liane Lippert, Katarzyna Niewiadoma, Shirin van Anrooij, Pfeiffer Georgi, Chiara Consonni, Sarah Gigante, Zoe B√§ckstedt, Ella Wyllie, Ava Holmgren, Isabella Holmgren, Julie Bego, Fleur Moors, Isabel Sharp, Sylvie Swinkels"
womens,Kurt Stoebel,Chickeria,"Juliette Labous, Liane Lippert, Katarzyna Niewiadoma, Silvia Persico, Pfeiffer Georgi, Niamh Fisher-Black, Mischa Bredewold, Anniina Ahtosalo, Neve Bradbury, Maaike van der Duin, Antonia Niedermaier, Fem van Empel, Marion Bunel, Femke Gerritse, Alena Ivanchenko"
womens,BWallis,Circus Monkeys,"Juliette Labous, Elisa Balsamo, Liane Lippert, Katarzyna Niewiadoma, Pfeiffer Georgi, Anna Henderson, Charlotte Kool, Lucinda Brand, Kim Cadzow, Amber Kraak, Kathrin Schweinberger, Fem van Empel, Maggie Coles-Lyster, Lotta Henttala, Letizia Paternoster"
womens,Salaliittoteoria,"Citius, altius, fortius, pulcrius","Juliette Labous, Gaia Realini, Shirin van Anrooij, Pfeiffer Georgi, Sarah Gigante, Charlotte Kool, Anniina Ahtosalo, Zoe B√§ckstedt, Neve Bradbury, Yara Kastelijn, Antonia Niedermaier, Fem van Empel, Nienke Vinke, Marion Bunel, Puck Pieterse"
womens,ckdallas,ckdallas_Sky High Unicorn Flight,"Marlen Reusser, Juliette Labous, Elisa Balsamo, Chloe Dygert, Pfeiffer Georgi, Anniina Ahtosalo, Olivia Baril, Noemi R√ºegg, Shari Bossuyt, Nikola Noskova, Fem van Empel, Dominika Wlodarczyk, Thalita de Jong, Puck Pieterse, Silvia Zanardi"
womens,iratebeagle,Clancy's Quick Stop,"Lotte Kopecky, Cecilie Uttrup Ludwig, Riejanne Markus, Anna Henderson, Marta Lach, Floortje Mackaij, Zoe B√§ckstedt, Daria Pikulik, Antonia Niedermaier, Anna Shackley, Fem van Empel, Dominika Wlodarczyk, Puck Pieterse, Megan Armitage, Isabel Sharp"
womens,red_pegasus,Clipped Wings United,"Marlen Reusser, Liane Lippert, Christina Schweinberger, Anna Henderson, Charlotte Kool, Niamh Fisher-Black, C√©drine Kerbaol, Evita Muzic, Mischa Bredewold, Vittoria Guazzini, Maaike van der Duin, Antonia Niedermaier, Femke Gerritse, Kristyna Burlova, Anastasiya Kolesava"
womens,coelingg,Coelingg,"Cecilie Uttrup Ludwig, Katarzyna Niewiadoma, Christina Schweinberger, Emma Norsgaard, Charlotte Kool, C√©drine Kerbaol, Mischa Bredewold, Ruth Edwards (Winder), Zoe B√§ckstedt, Daria Pikulik, Kata Blanka Vas, Anna Kiesenhofer, Antonia Niedermaier, Fem van Empel, Barbara Malcotti"
womens,"""Sparta",Col de la Serreyrede,"Juliette Labous, Liane Lippert, Katarzyna Niewiadoma, Pfeiffer Georgi, Chiara Consonni, Anna Henderson, Evita Muzic, Zoe B√§ckstedt, Maaike van der Duin, Elinor Barker, Anna Kiesenhofer, Urska Zigart, Letizia Paternoster, Puck Pieterse, Lieke Nooijen"
womens,Ffffddddd,Colostrum Party,"Elisa Longo Borghini, Gaia Realini, Elisa Balsamo, Shirin van Anrooij, Amanda Spratt, Ellen van Dijk, Elizabeth Deignan, Lisa Klein, Clara Copponi, Lucinda Brand, Ilaria Sanguineti, Elynor B√§ckstedt-Calvert, Lauretta Hanson, Fleur Moors, Isabel Sharp"
womens,rubesANdbabes,Connie Marble,"Juliette Labous, Cecilie Uttrup Ludwig, Katarzyna Niewiadoma, Ricarda Bauernfeind, Charlotte Kool, Niamh Fisher-Black, C√©drine Kerbaol, Zoe B√§ckstedt, Neve Bradbury, Eleonora Camilla Gasparrini, Megan Jastrab, Noemi R√ºegg, Rachele Barbieri, Ella Wyllie, Puck Pieterse"
womens,Ha_Ha_Brigade,Cool Kids,"Gaia Realini, Shirin van Anrooij, Pfeiffer Georgi, Sarah Gigante, Ricarda Bauernfeind, Niamh Fisher-Black, C√©drine Kerbaol, Mischa Bredewold, Zoe B√§ckstedt, Julie De Wilde, Vittoria Guazzini, Maaike van der Duin, Kata Blanka Vas, Lieke Nooijen, Eline van Rooijen"
womens,pvo1,Couverture,"Lorena Wiebes, Elisa Balsamo, Shirin van Anrooij, Emma Norsgaard, Ally Wollaston, Anniina Ahtosalo, Megan Jastrab, Daria Pikulik, Kata Blanka Vas, Antonia Niedermaier, Lotta Henttala, Letizia Paternoster, Puck Pieterse, Wilma Aintila, Antonia Gr√∂ndahl"
womens,Jjjsixsix,crappy team,"Juliette Labous, Cecilie Uttrup Ludwig, Liane Lippert, Chiara Consonni, Charlotte Kool, Niamh Fisher-Black, Evita Muzic, Anniina Ahtosalo, Zoe B√§ckstedt, Maaike van der Duin, Kata Blanka Vas, Kathrin Schweinberger, Anna Shackley, Lonneke Uneken, Katrijn De Clercq"
womens,Crooked Rain,Crooked Rain,"Marlen Reusser, Katarzyna Niewiadoma, Silvia Persico, Shirin van Anrooij, Ricarda Bauernfeind, Zoe B√§ckstedt, Olivia Baril, Eleonora Camilla Gasparrini, Vittoria Guazzini, Ruby Roseman-Gannon, Antonia Niedermaier, Anna Shackley, Fem van Empel, Thalita de Jong, Puck Pieterse"
womens,eddie_and_oz,cross is vos,"Lorena Wiebes, Silvia Persico, Shirin van Anrooij, Riejanne Markus, Elizabeth Deignan, Floortje Mackaij, Yara Kastelijn, Kata Blanka Vas, Lucinda Brand, Fem van Empel, Puck Pieterse, Ceylin del Carmen Alvarado, Laura Molengraaf, Aniek van Alphen, Inge van der Heijden"
womens,Prozabi,Culzalo,"Elisa Longo Borghini, Marlen Reusser, Chloe Dygert, Katarzyna Niewiadoma, Sarah Gigante, Mischa Bredewold, Zoe B√§ckstedt, Arianna Fidanza, Justine Ghekiere, Fem van Empel, Maggie Coles-Lyster, Ella Harris, Alena Ivanchenko, Kaia Schmid, Nienke Veenhoven"
womens,Aquatarkus,Cushionfooted quadrapedallists,"Lotte Kopecky, Juliette Labous, Katarzyna Niewiadoma, Charlotte Kool, Niamh Fisher-Black, Neve Bradbury, Rosita Reijnhout, Noemi R√ºegg, Fem van Empel, Ella Wyllie, Katrijn De Clercq, Mikayla Harvey, Puck Pieterse, Michaela Drummond, Isabel Sharp"
womens,utsira,D√°ktenj√°rga Bensnes,"Lotte Kopecky, Elisa Balsamo, Marta Cavalli, Amanda Spratt, Soraya Paladin, Tamara Dronova-Balabolina, Eleonora Camilla Gasparrini, Vittoria Guazzini, Daria Pikulik, Susanne Andersen, Elisa Kvasnickova, Kirstie van Haaften, Alice Wood (Barnes), Stina Dale, Federica Venturelli"
womens,Chris...,Daughters of Maria Borre,"Cecilie Uttrup Ludwig, Gaia Realini, Elisa Balsamo, Shirin van Anrooij, Emma Norsgaard, Amanda Spratt, Niamh Fisher-Black, Shari Bossuyt, Maria Martins, Antonia Niedermaier, Fem van Empel, Nienke Vinke, Ella Wyllie, Urska Zigart, Femke Gerritse"
womens,dave.49,Dave's team,"Cecilie Uttrup Ludwig, Gaia Realini, Katarzyna Niewiadoma, Marianne Vos, Sarah Gigante, Riejanne Markus, Charlotte Kool, Floortje Mackaij, Neve Bradbury, Amber Kraak, Puck Pieterse, Ceylin del Carmen Alvarado, Cat Ferguson, Kelly Murphy, Lieke Nooijen"
womens,CF-TSM,De Vuile Aapjes,"Marlen Reusser, Gaia Realini, Elisa Balsamo, Katarzyna Niewiadoma, Elise Chabbey, Charlotte Kool, Arlenis Sierra, Agnieszka Skalniak, Amelie Dideriksen, Christine Majerus, Dominika Wlodarczyk, Lotta Henttala, Puck Pieterse, Roxane Fournier, Eline van Rooijen"
womens,BigMac EauBi√®re,Demi Mollering,"Juliette Labous, Cecilie Uttrup Ludwig, Katarzyna Niewiadoma, Shirin van Anrooij, Elise Chabbey, Evita Muzic, Ane Santesteban, Clara Copponi, Vittoria Guazzini, Rachele Barbieri, Valentine Fortin, Eglantine Rayer, Urska Zigart, L√©a Curinier, Marie Le Net"
womens,deb&lee,Demi-goddess,"Demi Vollering, Gaia Realini, Pfeiffer Georgi, Riejanne Markus, Charlotte Kool, Ruby Roseman-Gannon, Amelie Dideriksen, Fem van Empel, Marion Borras, Maggie Coles-Lyster, Puck Pieterse, Megan Armitage, Michaela Drummond, Quinty Schoens, Quinty Ton"
womens,teamssrxtreme,Deo Volente 2024 Femmes,"Demi Vollering, Marlen Reusser, Pfeiffer Georgi, Zoe B√§ckstedt, Megan Jastrab, Rosita Reijnhout, Kata Blanka Vas, Lucinda Brand, Fem van Empel, Femke Gerritse, Alena Ivanchenko, Puck Pieterse, Elise Uijen, Lieke Nooijen, Eline van Rooijen"
womens,aubievegas,Desert Deadly Squirrels,"Marlen Reusser, Cecilie Uttrup Ludwig, Katarzyna Niewiadoma, Ashleigh Moolman, Niamh Fisher-Black, C√©drine Kerbaol, Mischa Bredewold, Arlenis Sierra, Vittoria Guazzini, Daria Pikulik, Lucinda Brand, Antonia Niedermaier, Sanne Cant, Nadia Quagliotto, Milena Del Sarto"
womens,TheFigurehead,Desperately Seeking Annemiek,"Lotte Kopecky, Gaia Realini, Elisa Balsamo, Anna Henderson, Charlotte Kool, Sofia Bertizzolo, Noemi R√ºegg, Amber Kraak, Dominika Wlodarczyk, Caroline Andersson, Femke Gerritse, Puck Pieterse, Elise Uijen, Julia Borgstr√∂m, Quinty Ton"
womens,tshegger,dirty faces win races,"Marlen Reusser, Cecilie Uttrup Ludwig, Katarzyna Niewiadoma, Ricarda Bauernfeind, Evita Muzic, Floortje Mackaij, Anniina Ahtosalo, Zoe B√§ckstedt, Olivia Baril, Julie De Wilde, Megan Jastrab, Noemi R√ºegg, Fem van Empel, Ella Wyllie, Linda Zanetti"
womens,Donette,Donette,"Lotte Kopecky, Gaia Realini, Liane Lippert, Chiara Consonni, Anniina Ahtosalo, Francesca Barale, Olivia Baril, Daria Pikulik, Maaike van der Duin, Fem van Empel, Julie Bego, Cat Ferguson, Isabel Sharp, Hanna Tserah, Federica Venturelli"
womens,broerie,DS Worx,"Gaia Realini, Shirin van Anrooij, Pfeiffer Georgi, Sarah Gigante, Ricarda Bauernfeind, Niamh Fisher-Black, C√©drine Kerbaol, Mischa Bredewold, Neve Bradbury, Eleonora Camilla Gasparrini, Maaike van der Duin, Kim Cadzow, Eglantine Rayer, Fem van Empel, Alena Ivanchenko"
womens,Hons,Echelon of Fools,"Lotte Kopecky, Gaia Realini, Chloe Dygert, Veronica Ewers, Niamh Fisher-Black, Zoe B√§ckstedt, Olivia Baril, Megan Jastrab, Simone Boilard, Magdeleine Vallieres-Mill, Maggie Coles-Lyster, Clara Emond, Emilie Fortin, Ad√®le Normand, Sarah Van Dam"
womens,MrSneaky,Equipe de Mo√ßas Fortes e Confiantes,"Gaia Realini, Pfeiffer Georgi, Chiara Consonni, Ricarda Bauernfeind, Emma Norsgaard, Niamh Fisher-Black, C√©drine Kerbaol, Evita Muzic, Mischa Bredewold, Anniina Ahtosalo, Daria Pikulik, Kata Blanka Vas, Lonneke Uneken, Fem van Empel, Franziska Koch"
womens,quarantipuu,Equipe N√ºrnberger,"Lotte Kopecky, Liane Lippert, Ricarda Bauernfeind, Charlotte Kool, Niamh Fisher-Black, Sofia Bertizzolo, Ally Wollaston, Kristabel Doebel-Hickok, Martina Fidanza, Arianna Fidanza, Antonia Niedermaier, Franziska Koch, Linda Riedmann, Nicole Frain, Maeve Plouffe"
womens,stubob,Eurovision,"Elisa Balsamo, Katarzyna Niewiadoma, Shirin van Anrooij, Chiara Consonni, Sarah Gigante, Charlotte Kool, Sofia Bertizzolo, Zoe B√§ckstedt, Clara Copponi, Julie De Wilde, Marthe Truyen, Kata Blanka Vas, Fem van Empel, Puck Pieterse, Elynor B√§ckstedt-Calvert"
womens,Larrick23,Evita Muzic sings Don‚Äôt Cry For Me Antonia,"Lotte Kopecky, Christina Schweinberger, Ricarda Bauernfeind, C√©drine Kerbaol, Evita Muzic, Mischa Bredewold, Neve Bradbury, Julie De Wilde, Marthe Truyen, Antonia Niedermaier, Fem van Empel, Dominika Wlodarczyk, Ella Wyllie, Puck Pieterse, Marie Schreiber"
womens,tpcheek,farmcycle,"Demi Vollering, Elisa Balsamo, Liane Lippert, Emma Norsgaard, Karlijn Swinkels, Alison Jackson, Megan Jastrab, Coryn Labecki (Rivera), Heidi Franz, Lotta Henttala, Alena Ivanchenko, Lieke Nooijen, Natalie Quinn, Quinty Ton, Lily Williams"
womens,Rigters,Find Whyllie,"Marlen Reusser, Shirin van Anrooij, Ricarda Bauernfeind, Riejanne Markus, Emma Norsgaard, Niamh Fisher-Black, C√©drine Kerbaol, Olivia Baril, Clara Copponi, Megan Jastrab, Ruby Roseman-Gannon, Anna Shackley, Dominika Wlodarczyk, Ella Wyllie, Femke Gerritse"
womens,Rob Nicolai,Flyindustman,"Gaia Realini, Silvia Persico, Shirin van Anrooij, Marianne Vos, Pfeiffer Georgi, Charlotte Kool, Zoe B√§ckstedt, Victoire Berteau, Daria Pikulik, Kata Blanka Vas, Fem van Empel, Alessia Vigilia, Marion Bunel, Barbara Malcotti, Puck Pieterse"
womens,PeteShiRang,FreeWheelin Wonder Women,"Lotte Kopecky, Liane Lippert, Shirin van Anrooij, Sarah Gigante, Charlotte Kool, Olivia Baril, Maaike van der Duin, Antonia Niedermaier, Dominika Wlodarczyk, Katrijn De Clercq, Mylene de Zoete, Letizia Paternoster, Silvia Zanardi, Elynor B√§ckstedt-Calvert, Lieke Nooijen"
womens,gizzardfanny,Funky Ladies,"Marlen Reusser, Cecilie Uttrup Ludwig, Gaia Realini, Katarzyna Niewiadoma, Pfeiffer Georgi, Emma Norsgaard, Julie De Wilde, Simone Boilard, Antonia Niedermaier, Kathrin Schweinberger, Caroline Andersson, Mette Egtoft Jensen, Alberte Greve, Rebecca Koerner, Solbj√∏rk Minke Anderson"
womens,jrmatz,Gaza Sunbirds Solidarity Women,"Marlen Reusser, Juliette Labous, Margarita Victoria Garcia, Kristen Faulkner, Ashleigh Moolman, Veronica Ewers, Niamh Fisher-Black, Alison Jackson, Coryn Labecki (Rivera), Maria Martins, Paula Andrea Patino Bedoya, Megan Armitage, Diane Ingabire, Andrea Ramirez, Catalina Soto Campos"
womens,pete1970,GCM Around pb Elemental,"Lotte Kopecky, Liane Lippert, Pfeiffer Georgi, Niamh Fisher-Black, Marta Lach, Karlijn Swinkels, Ally Wollaston, Vittoria Guazzini, Elinor Barker, Shari Bossuyt, Maria Martins, Lotte Claes, Femke Gerritse, Lieke Nooijen, Sarah Van Dam"
womens,Aeroforce,Glazed Taaienberg,"Lorena Wiebes, Elisa Balsamo, Liane Lippert, Evita Muzic, Mischa Bredewold, Zoe B√§ckstedt, Julie De Wilde, Eleonora Camilla Gasparrini, Rosita Reijnhout, Fem van Empel, Ella Wyllie, Urska Zigart, Puck Pieterse, Julie Bego, Fleur Moors"
womens,word91,Go faster you cowards!,"Lotte Kopecky, Cecilie Uttrup Ludwig, Katarzyna Niewiadoma, Niamh Fisher-Black, Zoe B√§ckstedt, Neve Bradbury, Clara Copponi, Eleonora Camilla Gasparrini, Megan Jastrab, Antonia Niedermaier, Fem van Empel, L√©a Curinier, Lotta Henttala, Elizabeth Holden, Puck Pieterse"
womens,Romainuchimata,Good Wiebes,"Lorena Wiebes, Marlen Reusser, Emma Norsgaard, Niamh Fisher-Black, Mischa Bredewold, Chantal van den Broek-Blaak, Kata Blanka Vas, Femke Markus, Anna Shackley, Lonneke Uneken, Elena Cecchini, Coralie Demay, Femke Gerritse, Barbara Guarischi, Marie Schreiber"
womens,Dave-L,Granny Annie‚Äôs Lassies,"Juliette Labous, Cecilie Uttrup Ludwig, Katarzyna Niewiadoma, Silvia Persico, Pfeiffer Georgi, Anna Henderson, Charlotte Kool, Neve Bradbury, Antonia Niedermaier, Fem van Empel, Ella Wyllie, Katrine Aalerud, Alena Ivanchenko, Julie Bego, Felicity Wilson-Haffenden"
womens,MagnusSedgefield,Group of Big Favourites,"Elisa Balsamo, Liane Lippert, Katarzyna Niewiadoma, Marianne Vos, Ricarda Bauernfeind, Niamh Fisher-Black, Sofia Bertizzolo, Mischa Bredewold, Olivia Baril, Julie De Wilde, Antonia Niedermaier, Anna Shackley, Fem van Empel, Dominika Wlodarczyk, Marion Bunel"
womens,mh_11,H√§gerlinge,"Demi Vollering, Margarita Victoria Garcia, Niamh Fisher-Black, Evita Muzic, Sofia Bertizzolo, Mischa Bredewold, Karlijn Swinkels, Neve Bradbury, Julie De Wilde, Fem van Empel, Dominika Wlodarczyk, Isabella Holmgren, Julie Bego, Fleur Moors, Isabel Sharp"
womens,sakis,Happy hyperactive koalas and sloths,"Juliette Labous, Liane Lippert, Marianne Vos, Chiara Consonni, Riejanne Markus, Charlotte Kool, Evita Muzic, Olivia Baril, Alison Jackson, Yara Kastelijn, Ruby Roseman-Gannon, Antonia Niedermaier, Nikola Noskova, Thalita de Jong, Paula Andrea Patino Bedoya"
womens,sashax,hemi-semi-demi vollering,"Cecilie Uttrup Ludwig, Gaia Realini, Marta Cavalli, Shirin van Anrooij, Chiara Consonni, Charlotte Kool, Mischa Bredewold, Anniina Ahtosalo, Kata Blanka Vas, Eglantine Rayer, Fem van Empel, Ella Wyllie, L√©a Curinier, Isabella Holmgren, Alena Ivanchenko"
womens,Thibaut_trv,Henaff-Tim Hortons Cycling Team,"Lotte Kopecky, Cecilie Uttrup Ludwig, Shirin van Anrooij, Charlotte Kool, Sofia Bertizzolo, Ally Wollaston, Rachele Barbieri, Simone Boilard, Fem van Empel, Dominika Wlodarczyk, Ella Wyllie, Maggie Coles-Lyster, Marie Le Net, Letizia Paternoster, Silvia Zanardi"
womens,Birillo,High Kool Muzic Kerbaol,"Lotte Kopecky, Cecilie Uttrup Ludwig, Katarzyna Niewiadoma, Charlotte Kool, C√©drine Kerbaol, Evita Muzic, Victoire Berteau, Rosita Reijnhout, Marion Borras, Puck Pieterse, Elise Uijen, Jade Wiel, Dina Boels, Rebecca Koerner, Dilyxine Miermont"
womens,thirdtimelucky,hmmmm,"Cecilie Uttrup Ludwig, Liane Lippert, Katarzyna Niewiadoma, Pfeiffer Georgi, Elise Chabbey, Charlotte Kool, C√©drine Kerbaol, Soraya Paladin, Sofia Bertizzolo, Julie De Wilde, Noemi R√ºegg, Marthe Goossens, Mareille Meijering, Solbj√∏rk Minke Anderson, Maeva Squiban"
womens,Shearman42,Hopes and Dreams p/b Cake and Gin,"Demi Vollering, Cecilie Uttrup Ludwig, Anna Henderson, Niamh Fisher-Black, Zoe B√§ckstedt, Vittoria Guazzini, Coryn Labecki (Rivera), Maaike van der Duin, Anna Kiesenhofer, Mie Bj√∏rndahl Ottesen, Anna Shackley, Dominika Wlodarczyk, Kate Archibald, Katrijn De Clercq, Femke Gerritse"
womens,alarsonusa,Huffy-Shimano,"Liane Lippert, Katarzyna Niewiadoma, Silvia Persico, Shirin van Anrooij, Christina Schweinberger, Emma Norsgaard, Anna Henderson, Niamh Fisher-Black, C√©drine Kerbaol, Megan Armitage, Julia Borgstr√∂m, Mijntje Geurts, Silke Smulders, Alice Towers, Linda Zanetti"
womens,pro cyclist 365,I am proud to be a pfeiffer,"Lotte Kopecky, Shirin van Anrooij, Pfeiffer Georgi, Emma Norsgaard, Anna Henderson, Charlotte Kool, Eglantine Rayer, Fem van Empel, Dominika Wlodarczyk, Alena Ivanchenko, Elisa Kvasnickova, Puck Pieterse, Alice Wood (Barnes), Kristyna Burlova, Eline van Rooijen"
womens,mathieug,I Lieke Muzic-Kool puns a Lotte,"Lotte Kopecky, Gaia Realini, Pfeiffer Georgi, Charlotte Kool, Evita Muzic, Olivia Baril, Neve Bradbury, Simone Boilard, Amelie Dideriksen, Valentine Fortin, Antonia Niedermaier, Fem van Empel, Puck Pieterse, Elynor B√§ckstedt-Calvert, Lieke Nooijen"
womens,johnnysteeler,I still don't have a clue,"Cecilie Uttrup Ludwig, Katarzyna Niewiadoma, Shirin van Anrooij, Pfeiffer Georgi, Anna Henderson, Charlotte Kool, Elizabeth Deignan, Audrey Cordon-Ragot, Zoe B√§ckstedt, Julie De Wilde, Alison Jackson, Anna Shackley, Lara Gillespie, Puck Pieterse, Jade Wiel"
womens,iiturriotz,Iiturriotz taldea,"Lotte Kopecky, Gaia Realini, Katarzyna Niewiadoma, Niamh Fisher-Black, Zoe B√§ckstedt, Olivia Baril, Julie De Wilde, Rosita Reijnhout, Maaike van der Duin, Anna Shackley, Nienke Vinke, Dominika Wlodarczyk, Elizabeth Holden, Cat Ferguson, Lieke Nooijen"
womens,sastre08,Imanoleta,"Lotte Kopecky, Liane Lippert, Pfeiffer Georgi, Charlotte Kool, Sofia Bertizzolo, Neve Bradbury, Vittoria Guazzini, Rosita Reijnhout, Lucinda Brand, Antonia Niedermaier, Anna Shackley, Lonneke Uneken, Femke Gerritse, Puck Pieterse, Silvia Zanardi"
womens,celticpride,"In the other door, out the first","Lorena Wiebes, Gaia Realini, Shirin van Anrooij, Ricarda Bauernfeind, Charlotte Kool, Julie De Wilde, Vittoria Guazzini, Shari Bossuyt, Antonia Niedermaier, Dominika Wlodarczyk, Isabella Holmgren, Julie Bego, Fleur Moors, Isabel Sharp, Felicity Wilson-Haffenden"
womens,mrholmberg,Inglorious gruppetto,"Demi Vollering, Liane Lippert, Shirin van Anrooij, Pfeiffer Georgi, Anniina Ahtosalo, Julie De Wilde, Vittoria Guazzini, Katrine Aalerud, Femke Gerritse, Gaia Masetti, Letizia Paternoster, Puck Pieterse, Silvia Zanardi, Lieke Nooijen, Quinty Ton"
womens,mattattackx,Is this even worth the grief?,"Marlen Reusser, Liane Lippert, Pfeiffer Georgi, Chiara Consonni, Sarah Gigante, Riejanne Markus, Ally Wollaston, Neve Bradbury, Yara Kastelijn, Maaike van der Duin, Fem van Empel, Letizia Paternoster, Puck Pieterse, Michaela Drummond, Lauretta Hanson"
womens,SophiesChoice,I‚Äôve Lost My Tambourine,"Lotte Kopecky, Marlen Reusser, Pfeiffer Georgi, Emma Norsgaard, Zoe B√§ckstedt, Maria Confalonieri, Esm√©e Peperkamp, Eglantine Rayer, Nienke Vinke, Urska Zigart, Katrine Aalerud, Georgia Baker, Sheyla Gutierrez, Elisa Kvasnickova, Ilaria Sanguineti"
womens,jmohoric,Jake the Snake,"Lotte Kopecky, Chloe Dygert, Kristen Faulkner, Veronica Ewers, Charlotte Kool, Alison Jackson, Megan Jastrab, Coryn Labecki (Rivera), Lucinda Brand, Urska Zigart, Letizia Borghesi, Puck Pieterse, Alex Morrice, Natalie Quinn, Alice Towers"
womens,JAUNTYMONTY,JauntyMonty,"Juliette Labous, Gaia Realini, Silvia Persico, Shirin van Anrooij, Pfeiffer Georgi, Anna Henderson, Charlotte Kool, Zoe B√§ckstedt, Yara Kastelijn, Katrine Aalerud, Femke Gerritse, Mikayla Harvey, Puck Pieterse, Silvia Zanardi, Isabel Sharp"
womens,Vlaanderen90,Jeannie Longo Truthers,"Marlen Reusser, Juliette Labous, Liane Lippert, Shirin van Anrooij, Evita Muzic, Anniina Ahtosalo, Olivia Baril, Neve Bradbury, Vittoria Guazzini, Daria Pikulik, Ruby Roseman-Gannon, Valentine Fortin, Eglantine Rayer, Marion Bunel, Puck Pieterse"
womens,julenaris99,Juanmari Traor√©,"Lotte Kopecky, Cecilie Uttrup Ludwig, Katarzyna Niewiadoma, Niamh Fisher-Black, C√©drine Kerbaol, Olivia Baril, Neve Bradbury, Antonia Niedermaier, Anna Shackley, Fem van Empel, Ella Wyllie, Georgia Baker, L√©a Curinier, Puck Pieterse, Margaux Virgie"
womens,jtm_Phil,Jupiler Cycling Team,"Lotte Kopecky, Shirin van Anrooij, Ashleigh Moolman, Emma Norsgaard, Evita Muzic, Victoire Berteau, Clara Copponi, Vittoria Guazzini, Yara Kastelijn, Dominika Wlodarczyk, Sanne Cant, Lotte Claes, Coralie Demay, Alena Ivanchenko, Elisa Kvasnickova"
womens,Annaton,Karenzzeit,"Demi Vollering, Liane Lippert, Katarzyna Niewiadoma, Pfeiffer Georgi, Arlenis Sierra, Noemi R√ºegg, Fem van Empel, Dominika Wlodarczyk, Letizia Paternoster, Puck Pieterse, Nadia Quagliotto, Roxane Fournier, Marthe Goossens, Federica Piergiovanni, Maeva Squiban"
womens,b_orys,Kasia and company,"Lotte Kopecky, Juliette Labous, Katarzyna Niewiadoma, Niamh Fisher-Black, Marta Lach, Sofia Bertizzolo, Alison Jackson, Daria Pikulik, Fem van Empel, Dominika Wlodarczyk, Urska Zigart, Evy Kuijpers, Lieke Nooijen, Eva van Agt, Eline van Rooijen"
womens,Pruszynski,Kasia's Crew,"Lotte Kopecky, Cecilie Uttrup Ludwig, Katarzyna Niewiadoma, Elise Chabbey, Anna Henderson, Charlotte Kool, Dominika Wlodarczyk, Ella Wyllie, Ava Holmgren, Isabella Holmgren, Margaux Virgie, Marta Jaskulska, Laura Molengraaf, Malwina Mul, Ad√®le Normand"
womens,Siwash,Keeping it Realini,"Gaia Realini, Silvia Persico, Pfeiffer Georgi, Sarah Gigante, Ricarda Bauernfeind, Riejanne Markus, Charlotte Kool, Chantal van den Broek-Blaak, Zoe B√§ckstedt, Olivia Baril, Rosita Reijnhout, Dominika Wlodarczyk, Puck Pieterse, Sara Martin, Isabel Sharp"
womens,sportsnerd97,KingOfYorkshire,"Demi Vollering, Pfeiffer Georgi, Sarah Gigante, Charlotte Kool, Niamh Fisher-Black, Zoe B√§ckstedt, Neve Bradbury, Rosita Reijnhout, Fem van Empel, Dominika Wlodarczyk, Letizia Paternoster, Puck Pieterse, Carina Schrempf, Lauretta Hanson, Fleur Moors"
womens,benoitf,Kool and the Gang,"Juliette Labous, Liane Lippert, Christina Schweinberger, Chiara Consonni, Veronica Ewers, Charlotte Kool, C√©drine Kerbaol, Claire Steels, Anniina Ahtosalo, Zoe B√§ckstedt, Antonia Niedermaier, Fem van Empel, Dominika Wlodarczyk, Ella Wyllie, Puck Pieterse"
womens,Ruthann,Kop van de Wedstrijd 2024,"Lorena Wiebes, Silvia Persico, Pfeiffer Georgi, Anna Henderson, Marta Lach, Erica Magnaldi, Evita Muzic, Anna Kiesenhofer, Fem van Empel, Alena Amialyusik, Letizia Borghesi, Wiktoria Pikulik, Alice Wood (Barnes), Kristyna Burlova, Kimberly Le Court de Billot"
womens,unclekutter,Kutter Cycling,"Juliette Labous, Cecilie Uttrup Ludwig, Katarzyna Niewiadoma, Silvia Persico, Christina Schweinberger, Anna Henderson, Sofia Bertizzolo, Neve Bradbury, Pauliena Rooijakkers, Clara Koppenburg, Amber Kraak, Marion Bunel, Gaia Masetti, Letizia Paternoster, Julia Van de Velde"
womens,KentStu,Kwisha Kabisa,"Marlen Reusser, Shirin van Anrooij, Pfeiffer Georgi, Ashleigh Moolman, Niamh Fisher-Black, C√©drine Kerbaol, Zoe B√§ckstedt, Francesca Barale, Olivia Baril, Neve Bradbury, Vittoria Guazzini, Noemi R√ºegg, Fem van Empel, Dominika Wlodarczyk, Puck Pieterse"
womens,VanGremmel,Labous de confiance,"Lotte Kopecky, Juliette Labous, Sarah Gigante, Evita Muzic, Anniina Ahtosalo, Neve Bradbury, Julie De Wilde, Eleonora Camilla Gasparrini, Noemi R√ºegg, Fem van Empel, Ella Wyllie, Marion Bunel, Katrijn De Clercq, Puck Pieterse, Jade Wiel"
womens,jimmyjackjill,Lacy Phacelia,"Juliette Labous, Gaia Realini, Shirin van Anrooij, Sarah Gigante, Ricarda Bauernfeind, Riejanne Markus, Charlotte Kool, Clara Copponi, Julie De Wilde, Noemi R√ºegg, Anna Shackley, Marion Bunel, Puck Pieterse, Elise Uijen, Silvia Zanardi"
womens,Olinhyde,Lady Black Mountain,"Demi Vollering, Chloe Dygert, Katarzyna Niewiadoma, Alexandra Manly, Niamh Fisher-Black, Chantal van den Broek-Blaak, Shari Bossuyt, Lucinda Brand, Urska Zigart, Katrijn De Clercq, Amber Neben, Julia Kopecky, Lieke Nooijen, Eline van Rooijen, Lily Williams"
womens,Jazzy Bob,Lawless leaders,"Demi Vollering, Shirin van Anrooij, Pfeiffer Georgi, Anniina Ahtosalo, Zoe B√§ckstedt, Julie De Wilde, Eleonora Camilla Gasparrini, Megan Jastrab, Maaike van der Duin, Eglantine Rayer, Ella Wyllie, Puck Pieterse, Cat Ferguson, Solbj√∏rk Minke Anderson, Lieke Nooijen"
womens,JOSEDIN,Lento Team,"Demi Vollering, Silvia Persico, Charlotte Kool, C√©drine Kerbaol, Sofia Bertizzolo, Mischa Bredewold, Anniina Ahtosalo, Julie De Wilde, Antonia Niedermaier, Eglantine Rayer, Lonneke Uneken, Ella Wyllie, Katrine Aalerud, Lieke Nooijen, Emanuela Zanetti"
womens,chmura,Les chauffardes de la r√©volution,"Lotte Kopecky, Katarzyna Niewiadoma, Shirin van Anrooij, Sarah Gigante, Niamh Fisher-Black, Neve Bradbury, Rosita Reijnhout, Shari Bossuyt, Dominika Wlodarczyk, Urska Zigart, Mylene de Zoete, Marie Le Net, Gaia Masetti, Tiffany Cromwell, Dilyxine Miermont"
womens,Metalis,Les femmes fatales,"Juliette Labous, Cecilie Uttrup Ludwig, Gaia Realini, Shirin van Anrooij, Sarah Gigante, Ricarda Bauernfeind, Mischa Bredewold, Zoe B√§ckstedt, Maaike van der Duin, Antonia Niedermaier, Anna Shackley, Isabella Holmgren, Julie Bego, Fleur Moors, Isabel Sharp"
womens,Straubisme,Les somnambules,"Juliette Labous, Liane Lippert, Katarzyna Niewiadoma, Shirin van Anrooij, Pfeiffer Georgi, Niamh Fisher-Black, Anniina Ahtosalo, Olivia Baril, Neve Bradbury, Julie De Wilde, Noemi R√ºegg, Dominika Wlodarczyk, Marion Bunel, Mylene de Zoete, Nadia Quagliotto"
womens,medicinexthings,Let's gooo,"Demi Vollering, Gaia Realini, Sarah Gigante, Charlotte Kool, Niamh Fisher-Black, Neve Bradbury, Ruby Roseman-Gannon, Fem van Empel, Urska Zigart, Mikayla Harvey, Elizabeth Holden, Isabella Holmgren, Puck Pieterse, Georgie Howe, Alice Towers"
womens,seriouscharly,Lotte Finist√®re,"Lotte Kopecky, Katarzyna Niewiadoma, Shirin van Anrooij, Charlotte Kool, C√©drine Kerbaol, Zoe B√§ckstedt, Neve Bradbury, Amber Kraak, Antonia Niedermaier, Anna Shackley, Fem van Empel, Ella Wyllie, Letizia Paternoster, Julie Bego, Maeva Squiban"
womens,vlady,Lotte Hills,"Lotte Kopecky, Cecilie Uttrup Ludwig, Katarzyna Niewiadoma, Pfeiffer Georgi, C√©drine Kerbaol, Zoe B√§ckstedt, Daria Pikulik, Amber Kraak, Teniel Campbell, Lotta Henttala, Nora Jencusova, Puck Pieterse, Elise Uijen, Aude Biannic, Marta Jaskulska"
womens,BradDesBellesFilles,Lotte Points for Vollering,"Lotte Kopecky, Liane Lippert, Katarzyna Niewiadoma, Charlotte Kool, Niamh Fisher-Black, Zoe B√§ckstedt, Francesca Barale, Alison Jackson, Amber Kraak, Dominika Wlodarczyk, Ella Wyllie, Lara Gillespie, Puck Pieterse, Elynor B√§ckstedt-Calvert, Lieke Nooijen"
womens,leroyp,Lotte worx to do,"Lotte Kopecky, Cecilie Uttrup Ludwig, Silvia Persico, Pfeiffer Georgi, Anna Henderson, Zoe B√§ckstedt, Neve Bradbury, Fem van Empel, Katrine Aalerud, Puck Pieterse, Silvia Zanardi, Georgie Howe, Anastasiya Kolesava, Lieke Nooijen, Quinty Ton"
womens,FRANKVDB,Lotto Kopecky,"Lotte Kopecky, Elisa Balsamo, Katarzyna Niewiadoma, Emma Norsgaard, Evita Muzic, Audrey Cordon-Ragot, Zoe B√§ckstedt, Justine Ghekiere, Petra Stiasny, Fem van Empel, L√©a Curinier, Mirre Knaven, Letizia Paternoster, Xin Tang, Federica Venturelli"
womens,Cacaramus,Love Shackley By The Kopecky-52s,"Lotte Kopecky, Elisa Balsamo, Emma Norsgaard, Charlotte Kool, Niamh Fisher-Black, Zoe B√§ckstedt, Neve Bradbury, Julie De Wilde, Rachele Barbieri, Antonia Niedermaier, Anna Shackley, Fem van Empel, Nienke Vinke, Nadia Quagliotto, Ilse Pluijmers"
womens,lxnnox ,Lx Ladies,"Lotte Kopecky, Gaia Realini, Liane Lippert, Elise Chabbey, Niamh Fisher-Black, Zoe B√§ckstedt, Vittoria Guazzini, Ruby Roseman-Gannon, Lucinda Brand, Fem van Empel, Mieke Kr√∂ger, Elynor B√§ckstedt-Calvert, Hannah Ludwig, Alice Towers, Eva van Agt"
womens,Googol,MacGyver's Angels,"Juliette Labous, Cecilie Uttrup Ludwig, Gaia Realini, Shirin van Anrooij, Pfeiffer Georgi, Niamh Fisher-Black, C√©drine Kerbaol, Anniina Ahtosalo, Vittoria Guazzini, Megan Jastrab, Lotta Henttala, Isabella Holmgren, Silvia Zanardi, Julie Bego, Fleur Moors"
womens,Biere Pourduge,Magali Finot Forever,"Lotte Kopecky, Cecilie Uttrup Ludwig, Sarah Gigante, Charlotte Kool, C√©drine Kerbaol, Neve Bradbury, Rosita Reijnhout, Kata Blanka Vas, Amber Kraak, Antonia Niedermaier, Anna Shackley, Nienke Vinke, Marion Bunel, Mareille Meijering, Dilyxine Miermont"
womens,Greylock,Mai Pen Lai,"Lotte Kopecky, Juliette Labous, Silvia Persico, Pfeiffer Georgi, Charlotte Kool, Zoe B√§ckstedt, Lucinda Brand, Fem van Empel, Katrijn De Clercq, Alena Ivanchenko, Puck Pieterse, Elise Uijen, Silvia Zanardi, Lieke Nooijen, Eline van Rooijen"
womens,Jule,Mamie Nova,"Demi Vollering, Cecilie Uttrup Ludwig, Pfeiffer Georgi, Niamh Fisher-Black, Ane Santesteban, Mischa Bredewold, Rosita Reijnhout, Amelie Dideriksen, Dominika Wlodarczyk, Katrine Aalerud, Femke Gerritse, Kristyna Burlova, Anastasiya Kolesava, Lieke Nooijen, Quinty Schoens"
womens,kablebike,Meandering fireflies,"Juliette Labous, Liane Lippert, Katarzyna Niewiadoma, Silvia Persico, Pfeiffer Georgi, Anna Henderson, Evita Muzic, Sofia Bertizzolo, Mischa Bredewold, Olivia Baril, Alena Ivanchenko, Anastasiya Kolesava, Evy Kuijpers, Lieke Nooijen, Quinty Ton"
womens,rmeloa,Melodrama,"Gaia Realini, Liane Lippert, Shirin van Anrooij, Ricarda Bauernfeind, Charlotte Kool, Niamh Fisher-Black, C√©drine Kerbaol, Zoe B√§ckstedt, Francesca Barale, Olivia Baril, Neve Bradbury, Julie De Wilde, Antonia Niedermaier, Fem van Empel, Nienke Vinke"
womens,CycloPalm,Monkeytown Saddle Sore Collective,"Marlen Reusser, Liane Lippert, Shirin van Anrooij, Ricarda Bauernfeind, Charlotte Kool, C√©drine Kerbaol, Evita Muzic, Floortje Mackaij, Olivia Baril, Vittoria Guazzini, Antonia Niedermaier, Fem van Empel, Marion Bunel, Maggie Coles-Lyster, Puck Pieterse"
womens,dkirk,Moops,"Demi Vollering, Sarah Gigante, Charlotte Kool, Soraya Paladin, Mischa Bredewold, Zoe B√§ckstedt, Neve Bradbury, Julie De Wilde, Alison Jackson, Yara Kastelijn, Kim Cadzow, Kathrin Schweinberger, Caroline Andersson, Yulia Biriukova, Barbara Malcotti"
womens,2thvet,Mountain Mashing Mommas!,"Demi Vollering, Liane Lippert, Katarzyna Niewiadoma, Pfeiffer Georgi, Zoe B√§ckstedt, Lucinda Brand, Anna Kiesenhofer, Kathrin Schweinberger, Fem van Empel, Katrine Aalerud, Julie Norman Leth, Puck Pieterse, Margaux Virgie, Evy Kuijpers, Lieke Nooijen"
womens,elvisgoat,My Team 2024,"Lorena Wiebes, Marlen Reusser, Amanda Spratt, Elizabeth Deignan, Erica Magnaldi, Soraya Paladin, Zoe B√§ckstedt, Yara Kastelijn, Lucinda Brand, Maaike Boogaard, Lotte Claes, Coralie Demay, Alice Wood (Barnes), Daniek Hengeveld, Flora Perkins"
womens,jje,Name of the team,"Juliette Labous, Cecilie Uttrup Ludwig, Katarzyna Niewiadoma, Silvia Persico, Pfeiffer Georgi, Emma Norsgaard, Sofia Bertizzolo, Vittoria Guazzini, Lucinda Brand, Antonia Niedermaier, Fem van Empel, Katrine Aalerud, Alena Ivanchenko, Puck Pieterse, Silvia Zanardi"
womens,GGMKE,Need a Lotte More Luck This Year,"Lotte Kopecky, Gaia Realini, Marianne Vos, Pfeiffer Georgi, Ricarda Bauernfeind, Fem van Empel, Marion Bunel, Katrijn De Clercq, Femke Gerritse, Lara Gillespie, Ava Holmgren, Alena Ivanchenko, Barbara Malcotti, Puck Pieterse, Silvia Zanardi"
womens,thorolf,Nieder Mai Ant,"Elisa Longo Borghini, Shirin van Anrooij, Sarah Gigante, Ricarda Bauernfeind, Charlotte Kool, Niamh Fisher-Black, C√©drine Kerbaol, Mischa Bredewold, Neve Bradbury, Eleonora Camilla Gasparrini, Antonia Niedermaier, Nienke Vinke, Dominika Wlodarczyk, Femke Gerritse, Puck Pieterse"
womens,roadiefag,no eye dear,"Elisa Balsamo, Katarzyna Niewiadoma, Silvia Persico, Pfeiffer Georgi, Sarah Gigante, Anna Henderson, Niamh Fisher-Black, Ally Wollaston, Zoe B√§ckstedt, Rosita Reijnhout, Kim Cadzow, Ella Wyllie, Ella Harris, Mikayla Harvey, Cat Ferguson"
womens,William_says,No gas,"Lotte Kopecky, Elisa Balsamo, Shirin van Anrooij, Pfeiffer Georgi, Emma Norsgaard, Anna Henderson, Zoe B√§ckstedt, Laura Asencio, Elynor B√§ckstedt-Calvert, Eleonora Ciabocco, Millie Couzens, Cat Ferguson, Marthe Goossens, Laura Molengraaf, Anna van der Meiden"
womens,hairysemi,NotfatanymoreW,"Juliette Labous, Gaia Realini, Elisa Balsamo, Shirin van Anrooij, Chiara Consonni, Anna Henderson, Anniina Ahtosalo, Zoe B√§ckstedt, Julie De Wilde, Antonia Niedermaier, Eglantine Rayer, Fem van Empel, Ella Wyllie, Alena Ivanchenko, Mirre Knaven"
womens,LosBrolin,Official Peace Race Ambassador,"Lotte Kopecky, Juliette Labous, Elisa Balsamo, Charlotte Kool, Francesca Barale, Neve Bradbury, Noemi R√ºegg, Maaike van der Duin, Fem van Empel, Nienke Vinke, Dominika Wlodarczyk, Ella Wyllie, Puck Pieterse, Julie Bego, Titia Ryo"
womens,Bethinho,Old Little Chicken vs Good Batteries,"Marlen Reusser, Juliette Labous, Cecilie Uttrup Ludwig, Ricarda Bauernfeind, Charlotte Kool, Erica Magnaldi, Sofia Bertizzolo, Francesca Barale, Olivia Baril, Valentine Fortin, Antonia Niedermaier, Fem van Empel, Nienke Vinke, Maggie Coles-Lyster, Puck Pieterse"
womens,Cykeline,OTTO,"Lorena Wiebes, Marianne Vos, Pfeiffer Georgi, Emma Norsgaard, Niamh Fisher-Black, Floortje Mackaij, Megan Jastrab, Rachele Barbieri, Maria Confalonieri, Eug√©nie Duval, Letizia Paternoster, Paula Andrea Patino Bedoya, Sarah Roy, Carina Schrempf, Kelly Murphy"
womens,Protean23,Out of My Way,"Cecilie Uttrup Ludwig, Katarzyna Niewiadoma, Silvia Persico, Shirin van Anrooij, Christina Schweinberger, Charlotte Kool, Zoe B√§ckstedt, Julie De Wilde, Yara Kastelijn, Ruby Roseman-Gannon, Kata Blanka Vas, Antonia Niedermaier, Puck Pieterse, Sara Martin, Fleur Moors"
womens,civetta,owls of despair,"Lotte Kopecky, Juliette Labous, Gaia Realini, C√©drine Kerbaol, Olivia Baril, Victoire Berteau, Neve Bradbury, Marthe Truyen, Alessia Vigilia, Dominika Wlodarczyk, Ella Wyllie, Marion Bunel, Katrijn De Clercq, Gaia Masetti, Linda Riedmann"
womens,Pasta,Pasta,"Cecilie Uttrup Ludwig, Katarzyna Niewiadoma, Silvia Persico, Pfeiffer Georgi, Ashleigh Moolman, Elise Chabbey, Charlotte Kool, Eleonora Camilla Gasparrini, Megan Jastrab, Amber Kraak, Fem van Empel, Dominika Wlodarczyk, L√©a Curinier, Mareille Meijering, Lieke Nooijen"
womens,Moncassin31,P√©dale!,"Lotte Kopecky, Juliette Labous, Liane Lippert, Charlotte Kool, Niamh Fisher-Black, C√©drine Kerbaol, Neve Bradbury, Anna Shackley, Nienke Vinke, Marion Bunel, L√©a Curinier, Gaia Masetti, Puck Pieterse, Marthe Goossens, Nienke Veenhoven"
womens,pevides,Pevides Top Girls Cycling,"Gaia Realini, Liane Lippert, Silvia Persico, Shirin van Anrooij, Ricarda Bauernfeind, Charlotte Kool, C√©drine Kerbaol, Neve Bradbury, Marthe Truyen, Simone Boilard, Anna Shackley, Fem van Empel, Dominika Wlodarczyk, Puck Pieterse, Linda Zanetti"
womens,wannabe_scattista,Pfeiffer at the Gates of Dawn,"Juliette Labous, Liane Lippert, Marianne Vos, Pfeiffer Georgi, Christina Schweinberger, Charlotte Kool, Mischa Bredewold, Karlijn Swinkels, Vittoria Guazzini, Anna Shackley, Fem van Empel, Dominika Wlodarczyk, Marion Bunel, L√©a Curinier, Gaia Masetti"
womens,alexfeel,Pieterse et St√©v√®ne,"Lotte Kopecky, Marlen Reusser, Elise Chabbey, Charlotte Kool, Sofia Bertizzolo, Zoe B√§ckstedt, Olivia Baril, Neve Bradbury, Eleonora Camilla Gasparrini, Fem van Empel, Puck Pieterse, Julie Bego, Kristyna Burlova, Federica Venturelli, Linda Zanetti"
womens,PvdV,Pietje Pelle op zijn Gazelle,"Marlen Reusser, Juliette Labous, Chloe Dygert, Katarzyna Niewiadoma, Charlotte Kool, Zoe B√§ckstedt, Olivia Baril, Julie De Wilde, Vittoria Guazzini, Kata Blanka Vas, Antonia Niedermaier, Fem van Empel, Dominika Wlodarczyk, Georgia Baker, Puck Pieterse"
womens,Strides85,Pinning my hopes on the youth!,"Lotte Kopecky, Gaia Realini, Elisa Balsamo, Pfeiffer Georgi, Charlotte Kool, Anniina Ahtosalo, Zoe B√§ckstedt, Vittoria Guazzini, Elisa Kvasnickova, Elynor B√§ckstedt-Calvert, Kristyna Burlova, Marthe Goossens, Anastasiya Kolesava, Lieke Nooijen, Eline van Rooijen"
womens,bartek.biadasiewicz,Polish Ladies and friends,"Juliette Labous, Cecilie Uttrup Ludwig, Katarzyna Niewiadoma, Silvia Persico, Anna Henderson, Marta Lach, Evita Muzic, Julie De Wilde, Eleonora Camilla Gasparrini, Daria Pikulik, Agnieszka Skalniak, Anna Shackley, Dominika Wlodarczyk, Marta Jaskulska, Eline van Rooijen"
womens,Dr Do Little,Polydactyls,"Demi Vollering, Liane Lippert, Silvia Persico, Anna Henderson, Charlotte Kool, Kata Blanka Vas, Anna Shackley, Fem van Empel, Ella Wyllie, Femke Gerritse, Puck Pieterse, Kristyna Burlova, Marthe Goossens, Anastasiya Kolesava, Lieke Nooijen"
womens,RC Speed,Ponytail Express!,"Cecilie Uttrup Ludwig, Silvia Persico, Shirin van Anrooij, Chiara Consonni, Riejanne Markus, Anna Henderson, Charlotte Kool, Soraya Paladin, Zoe B√§ckstedt, Kata Blanka Vas, Fem van Empel, Georgia Baker, Letizia Borghesi, Lotta Henttala, Puck Pieterse"
womens,Luctor Emergo,Pride and Prejudice,"Katarzyna Niewiadoma, Shirin van Anrooij, Pfeiffer Georgi, Ricarda Bauernfeind, Anna Henderson, Charlotte Kool, C√©drine Kerbaol, Evita Muzic, Mischa Bredewold, Anniina Ahtosalo, Eleonora Camilla Gasparrini, Vittoria Guazzini, Fem van Empel, Franziska Koch, Puck Pieterse"
womens,cmick,Probably Gonna Lose,"Cecilie Uttrup Ludwig, Gaia Realini, Shirin van Anrooij, Pfeiffer Georgi, Ricarda Bauernfeind, C√©drine Kerbaol, Mischa Bredewold, Neve Bradbury, Noemi R√ºegg, Kata Blanka Vas, Shari Bossuyt, Kim Cadzow, Valentine Fortin, Fem van Empel, Marion Bunel"
womens,Fanchie,Quincaillerie Garcia,"Demi Vollering, Gaia Realini, Chiara Consonni, Charlotte Kool, Ally Wollaston, Julie De Wilde, Rosita Reijnhout, Noemi R√ºegg, Antonia Niedermaier, Isabella Holmgren, Puck Pieterse, Silvia Zanardi, Julie Bego, Fleur Moors, Isabel Sharp"
womens,mpw5,Rainy Day Women,"Lotte Kopecky, Gaia Realini, Katarzyna Niewiadoma, Charlotte Kool, Evita Muzic, Mischa Bredewold, Zoe B√§ckstedt, Olivia Baril, Antonia Niedermaier, Ava Holmgren, Isabella Holmgren, Puck Pieterse, Julie Bego, Fleur Moors, Isabel Sharp"
womens,Timqwe,Random McRandomson,"Gaia Realini, Margarita Victoria Garcia, Katarzyna Niewiadoma, Chiara Consonni, Sarah Gigante, Niamh Fisher-Black, C√©drine Kerbaol, Erica Magnaldi, Claire Steels, Megan Jastrab, Clara Koppenburg, Ella Wyllie, Teniel Campbell, Sofia Arreola Navarro, Teuntje Beekhuis"
womens,WhiteNancy,Random women,"Demi Vollering, Katarzyna Niewiadoma, Shirin van Anrooij, Charlotte Kool, Neve Bradbury, Eleonora Camilla Gasparrini, Vittoria Guazzini, Megan Jastrab, Sofie van Rooijen, L√©a Curinier, Val√©rie Demey, Jelena Eric, Linda Riedmann, Francesca Baroni, Abi Smith"
womens,dreyfuss,red is the new black,"Marlen Reusser, Juliette Labous, Silvia Persico, Sarah Gigante, Anna Henderson, Charlotte Kool, C√©drine Kerbaol, Zoe B√§ckstedt, Olivia Baril, Noemi R√ºegg, Lonneke Uneken, Marion Bunel, Puck Pieterse, Julie Bego, Marthe Goossens"
womens,Mattybe,Riding Early,"Lotte Kopecky, Katarzyna Niewiadoma, Shirin van Anrooij, Niamh Fisher-Black, Mischa Bredewold, Ally Wollaston, Neve Bradbury, Ruby Roseman-Gannon, Kata Blanka Vas, Lucinda Brand, Mikayla Harvey, Ava Holmgren, Isabella Holmgren, Puck Pieterse, Marie Schreiber"
womens,andytheciderman,Roast Dinner Appreciation Society,"Marlen Reusser, Juliette Labous, Katarzyna Niewiadoma, Pfeiffer Georgi, Anna Henderson, Sofia Bertizzolo, Mischa Bredewold, Neve Bradbury, Vittoria Guazzini, Antonia Niedermaier, Anna Shackley, Fem van Empel, Dominika Wlodarczyk, Femke Gerritse, Puck Pieterse"
womens,katemiddleton,roll models,"Lotte Kopecky, Elisa Longo Borghini, Chiara Consonni, Ashleigh Moolman, C√©drine Kerbaol, Sofia Bertizzolo, Lucinda Brand, Gladys Verhulst, Kate Archibald, L√©a Curinier, Ilaria Sanguineti, Alana Castrique, Lucie Liboreau, Hayley Simmonds, Katarzyna Wilkos"
womens,Furbo,Rospla,"Demi Vollering, Katarzyna Niewiadoma, Shirin van Anrooij, Ricarda Bauernfeind, Elise Chabbey, Antonia Niedermaier, Anna Shackley, Ella Wyllie, Femke Gerritse, Greta Marturano, Puck Pieterse, Julia Borgstr√∂m, Marthe Goossens, Ilse Pluijmers, Eva van Agt"
womens,Timmy_B,Rubicon,"Lotte Kopecky, Gaia Realini, Katarzyna Niewiadoma, Charlotte Kool, Niamh Fisher-Black, Zoe B√§ckstedt, Neve Bradbury, Vittoria Guazzini, Anna Shackley, Dominika Wlodarczyk, Nora Jencusova, Elisa Kvasnickova, Puck Pieterse, Kristyna Burlova, Lieke Nooijen"
womens,timrocket,Rusty Woods & Friends,"Demi Vollering, Gaia Realini, Sofia Bertizzolo, Ally Wollaston, Zoe B√§ckstedt, Francesca Barale, Neve Bradbury, Vittoria Guazzini, Noemi R√ºegg, Lucinda Brand, Kim Cadzow, Amber Kraak, Fem van Empel, Nienke Vinke, Puck Pieterse"
womens,Parcero1,Sabaton,"Demi Vollering, Katarzyna Niewiadoma, Chiara Consonni, C√©drine Kerbaol, Mischa Bredewold, Olivia Baril, Megan Jastrab, Justine Ghekiere, Antonia Niedermaier, Katia Ragusa, Kathrin Schweinberger, Fem van Empel, Femke Gerritse, Anastasiya Kolesava, Lieke Nooijen"
womens,asierlasa100,SanGre Cycling Team,"Lotte Kopecky, Juliette Labous, Sarah Gigante, Charlotte Kool, Olivia Baril, Tamara Dronova-Balabolina, Anna Kiesenhofer, Clara Koppenburg, Femke Markus, Josie Nelson, Nikola Noskova, Petra Stiasny, Magdeleine Vallieres-Mill, Fem van Empel, Urska Zigart"
womens,pierrebrt,Sch√©ma directeur Worx,"Demi Vollering, Marlen Reusser, Veronica Ewers, Clara Copponi, Alison Jackson, Simone Boilard, Lucinda Brand, Eug√©nie Duval, Valentine Fortin, Anna Kiesenhofer, Magdeleine Vallieres-Mill, Fem van Empel, Marion Borras, Puck Pieterse, Julia Van de Velde"
womens,clarkluebyag,Schief en vreemd une fois essayer de faire mieux,"Gaia Realini, Chloe Dygert, Katarzyna Niewiadoma, Silvia Persico, Chiara Consonni, Charlotte Kool, Evita Muzic, Ane Santesteban, Vittoria Guazzini, Agnieszka Skalniak, L√©a Curinier, Gaia Masetti, Letizia Paternoster, Fleur Moors, Eline van Rooijen"
womens,ovesty,SD Chaos,"Marlen Reusser, Liane Lippert, Katarzyna Niewiadoma, Shirin van Anrooij, Pfeiffer Georgi, Olivia Baril, Noemi R√ºegg, Maaike van der Duin, Kata Blanka Vas, Antonia Niedermaier, Fem van Empel, Dominika Wlodarczyk, Georgia Baker, Marion Bunel, Puck Pieterse"
womens,Mudslogger,Seldom Athletic,"Gaia Realini, Liane Lippert, Shirin van Anrooij, Marianne Vos, Pfeiffer Georgi, Olivia Baril, Victoire Berteau, Rosita Reijnhout, Noemi R√ºegg, Maaike van der Duin, Lucinda Brand, Maria Martins, Antonia Niedermaier, Anna Shackley, Fem van Empel"
womens,Pigilito,Semper Errat,"Marlen Reusser, Grace Brown, Katarzyna Niewiadoma, Pfeiffer Georgi, Chiara Consonni, Anna Henderson, Charlotte Kool, Vittoria Guazzini, Eugenia Bujak, Fem van Empel, Sanne Cant, Elizabeth Holden, Ursa Pintar, Valentina Basilico, Federica Venturelli"
womens,hughw,Seven Team,"Chloe Dygert, Liane Lippert, Kristen Faulkner, Ricarda Bauernfeind, Amanda Spratt, Elizabeth Deignan, C√©drine Kerbaol, Sofia Bertizzolo, Mischa Bredewold, Brodie Chapman, Lisa Klein, Francesca Barale, Eleonora Camilla Gasparrini, Safia Alsayegh, Anneke Dijkstra"
womens,HeatCorrea,Slay,"Lotte Kopecky, Ashleigh Moolman, Veronica Ewers, Riejanne Markus, Ellen van Dijk, Floortje Mackaij, Vittoria Guazzini, Alison Jackson, Amelie Dideriksen, Maria Martins, Fem van Empel, Urska Zigart, Katrine Aalerud, Teniel Campbell, Maggie Coles-Lyster"
womens,hatbeardglasses,sleepy l'il cats,"Lotte Kopecky, Juliette Labous, Katarzyna Niewiadoma, Sarah Gigante, Charlotte Kool, Megan Jastrab, Kim Cadzow, Fem van Empel, Georgia Baker, Maggie Coles-Lyster, Mikayla Harvey, Franziska Koch, Maud Oudeman, Puck Pieterse, Marie Schreiber"
womens,snigge1,Snigge¬¥s Team,"Demi Vollering, Marta Cavalli, Chloe Dygert, Chiara Consonni, Ane Santesteban, Anniina Ahtosalo, Clara Copponi, Clara Koppenburg, Lotta Henttala, Mireia Benito Pellicer, Evy Kuijpers, Lieke Nooijen, Mia Radotic, Dana Rozlapa, Lily Williams"
womens,klptsoigneur,Soigneur Cycling Team,"Lotte Kopecky, Margarita Victoria Garcia, Silvia Persico, Anna Henderson, Niamh Fisher-Black, Brodie Chapman, Zoe B√§ckstedt, Yara Kastelijn, Simone Boilard, Urska Zigart, Emilia Fahlin, Sarah Roy, Roxane Fournier, Britt Knaven, Lea Lin Teutenberg"
womens,bangorguy,SomeAustriansSomeGermansSomeMore,"Juliette Labous, Cecilie Uttrup Ludwig, Gaia Realini, Liane Lippert, Christina Schweinberger, Ricarda Bauernfeind, Lisa Klein, Anna Kiesenhofer, Clara Koppenburg, Antonia Niedermaier, Kathrin Schweinberger, Franziska Brausse, Franziska Koch, Linda Riedmann, Carina Schrempf"
womens,bobgade,South Berkeley Flahutes,"Lotte Kopecky, Cecilie Uttrup Ludwig, Katarzyna Niewiadoma, Kristen Faulkner, Chantal van den Broek-Blaak, Megan Jastrab, Yara Kastelijn, Kata Blanka Vas, Anna Kiesenhofer, Katrine Aalerud, Teniel Campbell, Katrijn De Clercq, Lara Gillespie, Lieke Nooijen, Lea Lin Teutenberg"
womens,GWolcott,South Shore Cycling,"Juliette Labous, Gaia Realini, Liane Lippert, Shirin van Anrooij, Pfeiffer Georgi, C√©drine Kerbaol, Evita Muzic, Neve Bradbury, Vittoria Guazzini, Petra Stiasny, Magdeleine Vallieres-Mill, Fem van Empel, Puck Pieterse, Lucia Ruiz Perez, Eline van Rooijen"
womens,654tnelson,Speedvagen,"Marlen Reusser, Cecilie Uttrup Ludwig, Katarzyna Niewiadoma, Emma Norsgaard, Amanda Spratt, Ellen van Dijk, Marta Lach, Audrey Cordon-Ragot, Ally Wollaston, Zoe B√§ckstedt, Paula Andrea Patino Bedoya, Ilaria Sanguineti, Carina Schrempf, Evy Kuijpers, Jennifer Valente"
womens,seasportsfan1229,Sperdona,"Lotte Kopecky, Cecilie Uttrup Ludwig, Gaia Realini, Pfeiffer Georgi, Charlotte Kool, Yara Kastelijn, Fem van Empel, Ella Wyllie, Marion Borras, Isabella Holmgren, Puck Pieterse, Ceylin del Carmen Alvarado, Solbj√∏rk Minke Anderson, Lieke Nooijen, Isabel Sharp"
womens,TH WHISTLER,Spin The Bottle 2024,"Lotte Kopecky, Gaia Realini, Katarzyna Niewiadoma, Charlotte Kool, Mischa Bredewold, Julie De Wilde, Ruby Roseman-Gannon, Antonia Niedermaier, Anna Shackley, Fem van Empel, Nienke Vinke, Maggie Coles-Lyster, Ava Holmgren, Isabella Holmgren, Puck Pieterse"
womens,AwakenTheBacon,Stage Nine Woes,"Juliette Labous, Cecilie Uttrup Ludwig, Katarzyna Niewiadoma, Silvia Persico, Anna Henderson, Charlotte Kool, Sofia Bertizzolo, Mischa Bredewold, Olivia Baril, Amber Kraak, Antonia Niedermaier, Fem van Empel, Dominika Wlodarczyk, Marion Bunel, Puck Pieterse"
womens,almightywiggles,Still too mature to laugh at Franziska Koch,"Juliette Labous, Gaia Realini, Elisa Balsamo, Pfeiffer Georgi, Sarah Gigante, Evita Muzic, Ally Wollaston, Anniina Ahtosalo, Zoe B√§ckstedt, Antonia Niedermaier, Eglantine Rayer, Fem van Empel, Nienke Vinke, Dominika Wlodarczyk, Marion Bunel"
womens,holmovka,Stormcharmers 24,"Demi Vollering, Chloe Dygert, Shirin van Anrooij, Chiara Consonni, Ally Wollaston, Zoe B√§ckstedt, Femke Markus, Antonia Niedermaier, Elena Cecchini, Thalita de Jong, Femke Gerritse, Sheyla Gutierrez, Letizia Paternoster, Anastasiya Kolesava, Omer Shapira"
womens,Checktaschu,Taschu* Cycling,"Demi Vollering, Katarzyna Niewiadoma, Sarah Gigante, Ricarda Bauernfeind, Neve Bradbury, Kim Cadzow, Justine Ghekiere, Amber Kraak, Femke Markus, Antonia Niedermaier, Magdeleine Vallieres-Mill, Linda Riedmann, Elise Uijen, Katharina Fox, Eva van Agt"
womens,teamigloo,Taylor Zwift,"Lotte Kopecky, Cecilie Uttrup Ludwig, Gaia Realini, Ricarda Bauernfeind, Charlotte Kool, Yara Kastelijn, Kata Blanka Vas, Valentine Fortin, Amber Kraak, Marie Le Net, Puck Pieterse, Roxane Fournier, Maelle Grossetete, Lieke Nooijen, Marit Raaijmakers"
womens,andomujika,Team Andmujika,"Marlen Reusser, Gaia Realini, Shirin van Anrooij, Pfeiffer Georgi, Niamh Fisher-Black, Ane Santesteban, Olivia Baril, Neve Bradbury, Rosita Reijnhout, Noemi R√ºegg, Shari Bossuyt, Nienke Vinke, Dominika Wlodarczyk, Nadia Quagliotto, Usoa Ostolaza Zabala"
womens,farebane,Team Murderbot,"Lotte Kopecky, Juliette Labous, Kristen Faulkner, Sarah Gigante, Elise Chabbey, Ally Wollaston, Zoe B√§ckstedt, Fem van Empel, Urska Zigart, Lotte Claes, Lotta Henttala, Georgie Howe, Anastasiya Kolesava, Evy Kuijpers, Lieke Nooijen"
womens,jsahakian,Team Oude Kwaremont,"Elisa Longo Borghini, Juliette Labous, Gaia Realini, Liane Lippert, Ricarda Bauernfeind, Charlotte Kool, Francesca Barale, Olivia Baril, Fem van Empel, Nienke Vinke, Marion Bunel, Julie Bego, Roxane Fournier, Marit Raaijmakers, Nienke Veenhoven"
womens,Youm,Team Pote Belge,"Lotte Kopecky, Gaia Realini, Liane Lippert, C√©drine Kerbaol, Zoe B√§ckstedt, Victoire Berteau, Julie De Wilde, Vittoria Guazzini, Amber Kraak, Fem van Empel, Dominika Wlodarczyk, Ella Wyllie, Yulia Biriukova, Femke Gerritse, Margaux Virgie"
womens,habswin1,Team Spot of Bother- WSD,"Lotte Kopecky, Elisa Balsamo, Ashleigh Moolman, Emma Norsgaard, Niamh Fisher-Black, Karlijn Swinkels, Zoe B√§ckstedt, Olivia Baril, Alison Jackson, Magdeleine Vallieres-Mill, Ava Holmgren, Isabella Holmgren, Puck Pieterse, Lieke Nooijen, Quinty Ton"
womens,team Tertulia,Team Tertulia W,"Marlen Reusser, Juliette Labous, Chiara Consonni, Riejanne Markus, C√©drine Kerbaol, Sofia Bertizzolo, Mischa Bredewold, Olivia Baril, Victoire Berteau, Eleonora Camilla Gasparrini, Vittoria Guazzini, Daria Pikulik, Maaike van der Duin, Amber Kraak, Katrine Aalerud"
womens,mwcatlin,Team XYZ,"Lotte Kopecky, Katarzyna Niewiadoma, Shirin van Anrooij, Christina Schweinberger, Sarah Gigante, Charlotte Kool, Katrine Aalerud, Lotta Henttala, Isabella Holmgren, Julie Bego, Fleur Moors, Kelly Murphy, Lieke Nooijen, Isabel Sharp, Quinty Ton"
womens,TERatcliffe26,TERatcliffe26,"Demi Vollering, Liane Lippert, Katarzyna Niewiadoma, Charlotte Kool, Niamh Fisher-Black, Olivia Baril, Neve Bradbury, Eleonora Camilla Gasparrini, Marion Bunel, Ava Holmgren, Isabella Holmgren, Kristyna Burlova, Marthe Goossens, Anastasiya Kolesava, Lieke Nooijen"
womens,TetedeCourse,TetedeCourse,"Demi Vollering, Marlen Reusser, Ricarda Bauernfeind, C√©drine Kerbaol, Anniina Ahtosalo, Zoe B√§ckstedt, Vittoria Guazzini, Antonia Niedermaier, Anna Shackley, Marion Bunel, Lotta Henttala, Puck Pieterse, Cristina Tonetti, Tiffany Cromwell, Lieke Nooijen"
womens,StevenMiranda,That's so random,"Elisa Balsamo, Chloe Dygert, Liane Lippert, Christina Schweinberger, Sarah Gigante, Arlenis Sierra, Chantal van den Broek-Blaak, Kristabel Doebel-Hickok, Megan Jastrab, Yara Kastelijn, Noemi R√ºegg, Marthe Truyen, Martina Alzini, Maria Confalonieri, Marith Vanhove"
womens,m_m,The Ad√®le Normand Team,"Cecilie Uttrup Ludwig, Gaia Realini, Katarzyna Niewiadoma, Shirin van Anrooij, Charlotte Kool, C√©drine Kerbaol, Mischa Bredewold, Neve Bradbury, Julie De Wilde, Maaike van der Duin, Eglantine Rayer, Anna Shackley, Fem van Empel, Nienke Vinke, Ad√®le Normand"
womens,noah,The Downtube Shiftettes,"Demi Vollering, Liane Lippert, Silvia Persico, Pfeiffer Georgi, Sarah Gigante, Marion Borras, Maggie Coles-Lyster, Mylene de Zoete, Femke Gerritse, Gaia Masetti, Puck Pieterse, Kristyna Burlova, Anastasiya Kolesava, Lieke Nooijen, Eline van Rooijen"
womens,caperhamilton,The Faithless and the Risen,"Cecilie Uttrup Ludwig, Gaia Realini, Katarzyna Niewiadoma, Shirin van Anrooij, Chiara Consonni, Sarah Gigante, Olivia Baril, Neve Bradbury, Kata Blanka Vas, Antonia Niedermaier, Magdeleine Vallieres-Mill, Nienke Vinke, Puck Pieterse, Fleur Moors, Isabel Sharp"
womens,pedroy,The femmes fatales,"Lotte Kopecky, Cecilie Uttrup Ludwig, Shirin van Anrooij, Elizabeth Deignan, Mischa Bredewold, Zoe B√§ckstedt, Olivia Baril, Victoire Berteau, Neve Bradbury, Antonia Niedermaier, Anna Shackley, Thalita de Jong, Femke Gerritse, Elynor B√§ckstedt-Calvert, Becky Storrie"
womens,Veloki,The Go Go's,"Elisa Longo Borghini, Marlen Reusser, Katarzyna Niewiadoma, Silvia Persico, Anna Henderson, Charlotte Kool, Zoe B√§ckstedt, Coryn Labecki (Rivera), Dominika Wlodarczyk, Letizia Borghesi, Lotte Claes, Femke Gerritse, Margaux Virgie, Evy Kuijpers, Margot Vanpachtenbeke"
womens,Merry Crankster,The Kool Kids,"Lorena Wiebes, Gaia Realini, Pfeiffer Georgi, Sarah Gigante, Charlotte Kool, C√©drine Kerbaol, Marta Lach, Barbara Malcotti, Cristina Tonetti, Kristyna Burlova, Rebecca Koerner, Anastasiya Kolesava, Lieke Nooijen, Quinty Schoens, Eline van Rooijen"
womens,dreamer_mg,The Peluchen Effect,"Elisa Longo Borghini, Juliette Labous, Elisa Balsamo, Charlotte Kool, Marta Lach, Evita Muzic, Arlenis Sierra, Olivia Baril, Megan Jastrab, Daria Pikulik, Ruby Roseman-Gannon, Loes Adegeest, Amber Kraak, Antonia Niedermaier, Jelena Eric"
womens,lwoodroofe,Thrashed by a Lady Cyclist,"Demi Vollering, Marta Cavalli, Katarzyna Niewiadoma, Chiara Consonni, Tamara Dronova-Balabolina, Coryn Labecki (Rivera), Simone Boilard, Josie Nelson, Anna Shackley, Dominika Wlodarczyk, Katrine Aalerud, Kelly Murphy, Skylar Schneider, Quinty Schoens, Lily Williams"
womens,tour defiance,Tiger,"Juliette Labous, Elisa Balsamo, Chloe Dygert, Katarzyna Niewiadoma, Ashleigh Moolman, Evita Muzic, Soraya Paladin, Floortje Mackaij, Arlenis Sierra, Claire Steels, Fem van Empel, Sofia Arreola Navarro, Laura Asencio, Maelle Grossetete, Lone Meertens"
womens,KOed_Computer,Top of the Ko-pecking Order,"Lotte Kopecky, Juliette Labous, Katarzyna Niewiadoma, Pfeiffer Georgi, Niamh Fisher-Black, Audrey Cordon-Ragot, Victoire Berteau, Alison Jackson, Cristina Tonetti, Roxane Fournier, Evy Kuijpers, Kelly Murphy, Lieke Nooijen, Dana Rozlapa, Quinty Ton"
womens,Man opening umbrellas ahead,Tortured Pedallers Department,"Marlen Reusser, Juliette Labous, Elisa Balsamo, Katarzyna Niewiadoma, Charlotte Kool, Niamh Fisher-Black, Olivia Baril, Vittoria Guazzini, Antonia Niedermaier, Anna Shackley, Fem van Empel, Nienke Vinke, Dominika Wlodarczyk, L√©a Curinier, Puck Pieterse"
womens,jjvc5,TotalFluke,"Lotte Kopecky, Juliette Labous, Shirin van Anrooij, Charlotte Kool, Niamh Fisher-Black, Neve Bradbury, Daria Pikulik, Lonneke Uneken, Fem van Empel, Nienke Vinke, Femke Gerritse, Franziska Koch, Gaia Masetti, Marie Schreiber, Elise Uijen"
womens,sylvan,Trailer Park Girls,"Lotte Kopecky, Juliette Labous, Gaia Realini, Chiara Consonni, C√©drine Kerbaol, Mischa Bredewold, Olivia Baril, Antonia Niedermaier, Ava Holmgren, Isabella Holmgren, Puck Pieterse, Megan Armitage, Julie Bego, Fleur Moors, Isabel Sharp"
womens,Izzy Eviel,"Unlike Argentina, I will cry for Evita (if she don't win)","Juliette Labous, Chloe Dygert, Pfeiffer Georgi, Ricarda Bauernfeind, Charlotte Kool, Niamh Fisher-Black, C√©drine Kerbaol, Evita Muzic, Ally Wollaston, Eleonora Camilla Gasparrini, Agnieszka Skalniak, Fem van Empel, Dominika Wlodarczyk, Urska Zigart, Puck Pieterse"
womens,gabriel ryyn√§nen,unrun012,"Gaia Realini, Elisa Balsamo, Katarzyna Niewiadoma, Shirin van Anrooij, Ricarda Bauernfeind, Charlotte Kool, C√©drine Kerbaol, Neve Bradbury, Julie De Wilde, Antonia Niedermaier, Anna Shackley, Fem van Empel, Nienke Vinke, Marion Bunel, Puck Pieterse"
womens,db99,Velomaniacs,"Juliette Labous, Elisa Balsamo, Chloe Dygert, Katarzyna Niewiadoma, Chiara Consonni, Charlotte Kool, C√©drine Kerbaol, Evita Muzic, Mischa Bredewold, Fem van Empel, Maggie Coles-Lyster, Alena Ivanchenko, Silvia Zanardi, Lieke Nooijen, Kaia Schmid"
womens,Hvmken,Vert Mont Riding Club,"Lotte Kopecky, Cecilie Uttrup Ludwig, Katarzyna Niewiadoma, Sarah Gigante, Veronica Ewers, Elinor Barker, Shari Bossuyt, Lucinda Brand, Clara Koppenburg, Amber Kraak, Sarah Roy, Jessica Finney, Jessica Roberts, Sarah Van Dam, Anne Dorthe Ysland"
womens,edredonbrowny,Vi...Zinni? Inconceivable!,"Lotte Kopecky, Juliette Labous, Elisa Balsamo, Pfeiffer Georgi, Sofia Bertizzolo, Zoe B√§ckstedt, Vittoria Guazzini, Clara Koppenburg, Lonneke Uneken, Elena Cecchini, Linda Riedmann, Elise Uijen, Alice Wood (Barnes), Julie Bego, Cat Ferguson"
womens,tgartner,Via Quintole Per Le Rose,"Elisa Longo Borghini, Gaia Realini, Elisa Balsamo, Silvia Persico, Erica Magnaldi, Soraya Paladin, Sofia Bertizzolo, Eleonora Camilla Gasparrini, Martina Alzini, Maria Confalonieri, Arianna Fidanza, Katia Ragusa, Alessia Vigilia, Barbara Malcotti, Letizia Paternoster"
womens,FrankV,Vlammende Vedettes,"Lotte Kopecky, Katarzyna Niewiadoma, Silvia Persico, Anna Henderson, Charlotte Kool, Erica Magnaldi, Agnieszka Skalniak, Amelie Dideriksen, Dominika Wlodarczyk, Emilia Fahlin, Lotta Henttala, Alena Ivanchenko, Puck Pieterse, Roxane Fournier, Mareille Meijering"
womens,seemsez,Well I'll be a fig newton!,"Gaia Realini, Chloe Dygert, Shirin van Anrooij, Pfeiffer Georgi, Chiara Consonni, Sarah Gigante, Zoe B√§ckstedt, Eleonora Camilla Gasparrini, Megan Jastrab, Noemi R√ºegg, Fem van Empel, Nienke Vinke, Ava Holmgren, Isabella Holmgren, Puck Pieterse"
womens,johnadamsjnr,Wheel your bike round,"Demi Vollering, Cecilie Uttrup Ludwig, Pfeiffer Georgi, Charlotte Kool, Alexandra Manly, Ruby Roseman-Gannon, Katia Ragusa, Ella Wyllie, Urska Zigart, Katrine Aalerud, Femke Gerritse, Wilma Aintila, Mireia Benito Pellicer, Anastasiya Kolesava, Lieke Nooijen"
womens,Archieboy,Wheeling and Dealing,"Lotte Kopecky, Gaia Realini, Pfeiffer Georgi, Christina Schweinberger, Ricarda Bauernfeind, Noemi R√ºegg, Antonia Niedermaier, Nienke Vinke, Katrine Aalerud, Alena Ivanchenko, Puck Pieterse, Linda Riedmann, Elise Uijen, Solbj√∏rk Minke Anderson, Maud Rijnbeek"
womens,kristinaxx29,Wheeling to Victory,"Demi Vollering, Chloe Dygert, Pfeiffer Georgi, Mischa Bredewold, Vittoria Guazzini, Megan Jastrab, Noemi R√ºegg, Lucinda Brand, Amber Kraak, Kathrin Schweinberger, Fem van Empel, Urska Zigart, Katrine Aalerud, Femke Gerritse, Puck Pieterse"
womens,atomicruckus,Wheelysports,"Lotte Kopecky, Katarzyna Niewiadoma, Niamh Fisher-Black, Mischa Bredewold, Audrey Cordon-Ragot, Chantal van den Broek-Blaak, Ally Wollaston, Zoe B√§ckstedt, Alison Jackson, Megan Jastrab, Coryn Labecki (Rivera), Anna Shackley, Fem van Empel, Lotta Henttala, Puck Pieterse"
womens,guegoethe,Wlodarczykita,"Demi Vollering, Chloe Dygert, Liane Lippert, Evita Muzic, Arlenis Sierra, Zoe B√§ckstedt, Francesca Barale, Antonia Niedermaier, Eglantine Rayer, Fem van Empel, Femke Gerritse, Alena Ivanchenko, Puck Pieterse, Kristyna Burlova, Eva van Agt"
womens,hiddenwheel,Works vos. World,"Marlen Reusser, Chloe Dygert, Katarzyna Niewiadoma, Sarah Gigante, Charlotte Kool, Ellen van Dijk, Elizabeth Deignan, Ruth Edwards (Winder), Yara Kastelijn, Anna Kiesenhofer, Fem van Empel, Heidi Franz, Mikayla Harvey, Lotta Henttala, Puck Pieterse"
womens,Mr.Red!,WOW (Women On Wheels),"Gaia Realini, Margarita Victoria Garcia, Katarzyna Niewiadoma, Shirin van Anrooij, Pfeiffer Georgi, Ricarda Bauernfeind, Charlotte Kool, Zoe B√§ckstedt, Rachele Barbieri, Antonia Niedermaier, Fem van Empel, Alena Ivanchenko, Puck Pieterse, Julie Bego, Fleur Moors"
womens,brandon...,yourguessisasgoodasmine,"Demi Vollering, Shirin van Anrooij, Pfeiffer Georgi, Christina Schweinberger, Mischa Bredewold, Julie De Wilde, Megan Jastrab, L√©a Curinier, Emilia Fahlin, Femke Gerritse, Alena Ivanchenko, Puck Pieterse, Elise Uijen, Elynor B√§ckstedt-Calvert, Lieke Nooijen"
womens,Zwarte Wout,Zwarte Wout 1,"Lotte Kopecky, Elisa Balsamo, Katarzyna Niewiadoma, Charlotte Kool, C√©drine Kerbaol, Olivia Baril, Neve Bradbury, Tamara Dronova-Balabolina, Valentine Fortin, Alessia Vigilia, Dominika Wlodarczyk, Maggie Coles-Lyster, Femke Gerritse, Cat Ferguson, Isabel Sharp"
